{"v":"5.4.1","fr":24,"ip":0,"op":33,"w":240,"h":240,"nm":"dianzan","ddd":0,"assets":[],"layers":[{"ddd":0,"ind":1,"ty":4,"nm":"hand ","sr":1,"ks":{"o":{"a":0,"k":100,"ix":11},"r":{"a":0,"k":0,"ix":10},"p":{"a":0,"k":[119.75,115,0],"ix":2},"a":{"a":0,"k":[-31.071,-33.571,0],"ix":1},"s":{"a":1,"k":[{"i":{"x":[0.667,0.667,0.667],"y":[1,1,1]},"o":{"x":[0.333,0.333,0.333],"y":[0,0,0]},"n":["0p667_1_0p333_0","0p667_1_0p333_0","0p667_1_0p333_0"],"t":0,"s":[70,70,100],"e":[70,70,100]},{"i":{"x":[0.667,0.667,0.667],"y":[1,1,1]},"o":{"x":[0.333,0.333,0.333],"y":[0,0,0]},"n":["0p667_1_0p333_0","0p667_1_0p333_0","0p667_1_0p333_0"],"t":8,"s":[70,70,100],"e":[55,55,100]},{"i":{"x":[0.667,0.667,0.667],"y":[1,1,1]},"o":{"x":[0.333,0.333,0.333],"y":[0,0,0]},"n":["0p667_1_0p333_0","0p667_1_0p333_0","0p667_1_0p333_0"],"t":10,"s":[55,55,100],"e":[70,70,100]},{"i":{"x":[0.667,0.667,0.667],"y":[1,1,1]},"o":{"x":[0.333,0.333,0.333],"y":[0,0,0]},"n":["0p667_1_0p333_0","0p667_1_0p333_0","0p667_1_0p333_0"],"t":13,"s":[70,70,100],"e":[55,55,100]},{"i":{"x":[0.667,0.667,0.667],"y":[1,1,1]},"o":{"x":[0.333,0.333,0.333],"y":[0,0,0]},"n":["0p667_1_0p333_0","0p667_1_0p333_0","0p667_1_0p333_0"],"t":15,"s":[55,55,100],"e":[70,70,100]},{"t":20}],"ix":6}},"ao":0,"ef":[{"ty":25,"nm":"投影","np":9,"mn":"ADBE Drop Shadow","ix":1,"en":1,"ef":[{"ty":2,"nm":"阴影颜色","mn":"ADBE Drop Shadow-0001","ix":1,"v":{"a":0,"k":[0,0,0,1],"ix":1}},{"ty":0,"nm":"不透明度","mn":"ADBE Drop Shadow-0002","ix":2,"v":{"a":0,"k":51,"ix":2}},{"ty":0,"nm":"方向","mn":"ADBE Drop Shadow-0003","ix":3,"v":{"a":0,"k":90,"ix":3}},{"ty":0,"nm":"距离","mn":"ADBE Drop Shadow-0004","ix":4,"v":{"a":0,"k":0,"ix":4}},{"ty":0,"nm":"柔和度","mn":"ADBE Drop Shadow-0005","ix":5,"v":{"a":0,"k":36,"ix":5}},{"ty":7,"nm":"仅阴影","mn":"ADBE Drop Shadow-0006","ix":6,"v":{"a":0,"k":0,"ix":6}},{"ty":7,"nm":"GPU 渲染","mn":"ADBE Force CPU GPU","ix":7,"v":{"a":0,"k":1,"ix":7}}]}],"shapes":[{"ty":"gr","it":[{"ind":0,"ty":"sh","ix":1,"ks":{"a":0,"k":{"i":[[0,0],[0,0],[-1.403,-4.589],[0,0],[3.204,-2.433],[0,0],[4.133,2.108],[0,0],[-2.58,6.388],[-6.386,-2.579],[-0.001,0],[0,0],[0,0],[0,0],[-5.966,3.444],[-3.444,-5.966]],"o":[[0,0],[4.737,-0.768],[0,0],[1.176,3.847],[0,0],[-3.943,2.993],[0,0],[-6.388,-2.582],[2.579,-6.386],[0.001,0],[0,0],[0,0],[0,0],[-3.444,-5.966],[5.966,-3.444],[0,0]],"v":[[-8.725,-19.331],[25.491,-24.874],[36.207,-18.205],[48.214,21.068],[44.838,31.521],[19.04,51.107],[5.815,52.283],[-38.768,34.261],[-45.662,18.02],[-29.429,11.127],[-29.426,11.128],[-17.164,16.085],[-23.366,5.202],[-45.946,-33.908],[-41.381,-50.946],[-24.343,-46.381]],"c":true},"ix":2},"nm":"路径 1","mn":"ADBE Vector Shape - Group","hd":false},{"ty":"fl","c":{"a":0,"k":[1,1,1,1],"ix":4},"o":{"a":0,"k":100,"ix":5},"r":1,"nm":"填充 1","mn":"ADBE Vector Graphic - Fill","hd":false},{"ty":"tr","p":{"a":0,"k":[1.938,6.912],"ix":2},"a":{"a":0,"k":[1.938,6.912],"ix":1},"s":{"a":0,"k":[100,100],"ix":3},"r":{"a":0,"k":0,"ix":6},"o":{"a":0,"k":100,"ix":7},"sk":{"a":0,"k":0,"ix":4},"sa":{"a":0,"k":0,"ix":5},"nm":"变换"}],"nm":"形状 1","np":2,"cix":2,"ix":1,"mn":"ADBE Vector Group","hd":false}],"ip":0,"op":33,"st":0,"bm":0},{"ddd":0,"ind":2,"ty":4,"nm":"love","sr":1,"ks":{"o":{"a":1,"k":[{"i":{"x":[0.833],"y":[1]},"o":{"x":[0.167],"y":[0]},"n":["0p833_1_0p167_0"],"t":0,"s":[0],"e":[0]},{"i":{"x":[0.667],"y":[1]},"o":{"x":[0.333],"y":[0]},"n":["0p667_1_0p333_0"],"t":15,"s":[0],"e":[60]},{"i":{"x":[0.833],"y":[1]},"o":{"x":[0.333],"y":[0]},"n":["0p833_1_0p333_0"],"t":23,"s":[60],"e":[0]},{"t":32}],"ix":11},"r":{"a":0,"k":0,"ix":10},"p":{"a":0,"k":[107,99.5,0],"ix":2},"a":{"a":0,"k":[0,0,0],"ix":1},"s":{"a":1,"k":[{"i":{"x":[0.667,0.667,0.667],"y":[1,1,1]},"o":{"x":[0.333,0.333,0.333],"y":[0,0,0]},"n":["0p667_1_0p333_0","0p667_1_0p333_0","0p667_1_0p333_0"],"t":15,"s":[3,3,100],"e":[40,40,100]},{"i":{"x":[0.667,0.667,0.667],"y":[1,1,1]},"o":{"x":[0.333,0.333,0.333],"y":[0,0,0]},"n":["0p667_1_0p333_0","0p667_1_0p333_0","0p667_1_0p333_0"],"t":23,"s":[40,40,100],"e":[98,98,100]},{"t":32}],"ix":6}},"ao":0,"shapes":[{"ty":"gr","it":[{"ind":0,"ty":"sh","ix":1,"ks":{"a":0,"k":{"i":[[11.815,11.67],[24.322,-24.021],[0.585,-0.627],[0.611,0.604],[24.321,-24.021],[0,-16.518],[-11.815,-11.67],[0,0],[-3.181,0],[-2.422,2.392],[0,0],[0,16.517]],"o":[[-24.321,-24.023],[-0.61,0.604],[-0.585,-0.627],[-24.321,-24.023],[-11.815,11.67],[0,16.517],[0,0],[2.422,2.392],[3.181,0],[0,0],[11.815,-11.67],[0,-16.518]],"v":[[90.012,-73.609],[1.794,-73.609],[0,-71.763],[-1.794,-73.609],[-90.011,-73.609],[-108.333,-29.897],[-90.011,13.814],[-8.783,94.046],[0,97.633],[8.784,94.045],[90.012,13.814],[108.333,-29.897]],"c":true},"ix":2},"nm":"路径 1","mn":"ADBE Vector Shape - Group","hd":false},{"ty":"fl","c":{"a":0,"k":[1,0.258823543787,0.450980395079,1],"ix":4},"o":{"a":0,"k":100,"ix":5},"r":1,"nm":"填充 1","mn":"ADBE Vector Graphic - Fill","hd":false},{"ty":"tr","p":{"a":0,"k":[0,0],"ix":2},"a":{"a":0,"k":[0,0],"ix":1},"s":{"a":0,"k":[100,100],"ix":3},"r":{"a":0,"k":0,"ix":6},"o":{"a":0,"k":100,"ix":7},"sk":{"a":0,"k":0,"ix":4},"sa":{"a":0,"k":0,"ix":5},"nm":"变换"}],"nm":"形状 1","np":2,"cix":2,"ix":1,"mn":"ADBE Vector Group","hd":false}],"ip":0,"op":33,"st":0,"bm":0}],"markers":[]}